[{"model": "tempe.district", "pk": 1, "fields": {"name": "Ermera"}}, {"model": "tempe.district", "pk": 2, "fields": {"name": "Manatutu"}}, {"model": "tempe.district", "pk": 3, "fields": {"name": "Bobonaro"}}, {"model": "tempe.district", "pk": 4, "fields": {"name": "Baucau"}}, {"model": "tempe.subdistrict", "pk": 1, "fields": {"name": "Letefoho", "district": 1}}, {"model": "tempe.subdistrict", "pk": 2, "fields": {"name": "Hatolia", "district": 1}}, {"model": "tempe.subdistrict", "pk": 3, "fields": {"name": "Soibada", "district": 2}}, {"model": "tempe.subdistrict", "pk": 4, "fields": {"name": "Laclubar", "district": 2}}, {"model": "tempe.subdistrict", "pk": 5, "fields": {"name": "Natarbora", "district": 2}}, {"model": "tempe.subdistrict", "pk": 6, "fields": {"name": "Laga", "district": 4}}, {"model": "tempe.subdistrict", "pk": 7, "fields": {"name": "Venilale", "district": 4}}, {"model": "tempe.subdistrict", "pk": 8, "fields": {"name": "Vemase", "district": 4}}, {"model": "tempe.subdistrict", "pk": 9, "fields": {"name": "Keli-Kai", "district": 4}}, {"model": "tempe.subdistrict", "pk": 10, "fields": {"name": "Bobonaro", "district": 3}}, {"model": "tempe.subdistrict", "pk": 11, "fields": {"name": "Cailaco", "district": 3}}, {"model": "tempe.subdistrict", "pk": 12, "fields": {"name": "Maliana", "district": 3}}, {"model": "tempe.subdistrict", "pk": 13, "fields": {"name": "Atabae", "district": 3}}, {"model": "tempe.subdistrict", "pk": 14, "fields": {"name": "Balibo", "district": 3}}, {"model": "tempe.subdistrict", "pk": 15, "fields": {"name": "Lolotoe", "district": 3}}, {"model": "tempe.suco", "pk": 1, "fields": {"name": "Eraulo", "subdistrict": 1}}, {"model": "tempe.suco", "pk": 2, "fields": {"name": "Dukurai", "subdistrict": 1}}, {"model": "tempe.suco", "pk": 3, "fields": {"name": "Haufu", "subdistrict": 1}}, {"model": "tempe.suco", "pk": 4, "fields": {"name": "Leimia", "subdistrict": 2}}, {"model": "tempe.suco", "pk": 5, "fields": {"name": "Guntur", "subdistrict": 2}}, {"model": "tempe.suco", "pk": 6, "fields": {"name": "Samoro", "subdistrict": 3}}, {"model": "tempe.suco", "pk": 7, "fields": {"name": "Manlala", "subdistrict": 3}}, {"model": "tempe.suco", "pk": 8, "fields": {"name": "Sagadati", "subdistrict": 6}}, {"model": "tempe.suco", "pk": 9, "fields": {"name": "Durugoa", "subdistrict": 6}}, {"model": "tempe.suco", "pk": 10, "fields": {"name": "Libagoa", "subdistrict": 6}}, {"model": "tempe.suco", "pk": 11, "fields": {"name": "Samalare", "subdistrict": 6}}, {"model": "tempe.suco", "pk": 12, "fields": {"name": "Caicua", "subdistrict": 8}}, {"model": "tempe.suco", "pk": 13, "fields": {"name": "Loilubo", "subdistrict": 8}}, {"model": "tempe.suco", "pk": 14, "fields": {"name": "Ossoala", "subdistrict": 8}}, {"model": "tempe.suco", "pk": 15, "fields": {"name": "Ilatlaun", "subdistrict": 10}}, {"model": "tempe.suco", "pk": 16, "fields": {"name": "Soilesu", "subdistrict": 10}}, {"model": "tempe.suco", "pk": 17, "fields": {"name": "Atuaben", "subdistrict": 10}}, {"model": "tempe.suco", "pk": 18, "fields": {"name": "Atudara", "subdistrict": 11}}, {"model": "tempe.suco", "pk": 19, "fields": {"name": "Raiheu", "subdistrict": 11}}, {"model": "tempe.suco", "pk": 20, "fields": {"name": "Goulolo", "subdistrict": 11}}, {"model": "tempe.suco", "pk": 21, "fields": {"name": "Meligu", "subdistrict": 11}}, {"model": "tempe.suco", "pk": 22, "fields": {"name": "Manapa", "subdistrict": 11}}, {"model": "tempe.suco", "pk": 23, "fields": {"name": "Genulai", "subdistrict": 11}}, {"model": "tempe.suco", "pk": 24, "fields": {"name": "Purugoa", "subdistrict": 11}}, {"model": "tempe.aldeia", "pk": 1, "fields": {"name": "Purugoa", "suco": 15}}, {"model": "tempe.aldeia", "pk": 2, "fields": {"name": "Tuneru", "suco": 15}}, {"model": "tempe.aldeia", "pk": 3, "fields": {"name": "Ilatlaun", "suco": 15}}, {"model": "tempe.aldeia", "pk": 4, "fields": {"name": "Edan", "suco": 24}}, {"model": "tempe.aldeia", "pk": 5, "fields": {"name": "Lesupun", "suco": 24}}]